,dK,R,gamma
0,4.561352228580264,-0.23076923076923075,0.0
1,4.276267714293997,-0.19999999999999998,0.0
2,3.706098685721465,-0.13043478260869565,0.0
3,3.2784719142920644,-0.06976744186046512,0.0
4,2.836590917148352,0.002506265664160401,0.68
5,2.3947099200046384,0.08695652173913043,0.68
6,1.9528289228609255,0.18694362017804153,0.68
7,1.5109479257172125,0.3071895424836601,0.68
8,1.0690669285734993,0.45454545454545453,0.68
9,0.6328876217155115,0.6366612111292963,0.68
